{"bitcoin":{"krw":84173345},"ethereum":{"krw":4669759},"ripple":{"krw":646.529999999999972715158946812152862548828125},"tether":{"krw":1386.910000000000081854523159563541412353515625},"tron":{"krw":170.8799999999999954525264911353588104248046875}}